ID,SEX,HCOLOR,EYECLR,SKINCLR,rs26722,rs1667394,rs16891982,rs12821256,rs35264875,rs916977,rs1129038,rs1800401,rs2238289,rs2240203,rs3935591,rs4778241,rs7183877,rs8028689,rs12593929,rs1800407,rs7495174
000001.jpg,F,Brownh,Brown,Intskin,CC,CT,GG,TT,AA,CT,CT,GG,AA,CT,CT,AC,CC,CT,AG,CC,AG
000002.jpg,F,Brownh,Blue,Pale,CC,TT,GG,TT,AT,CC,TT,GG,AA,TT,CC,CC,CC,TT,AA,CC,AA
000006.jpg,F,Brownh,Brown,Intskin,CC,CT,CC,TT,AT,CT,CT,GG,AA,CT,CC,CC,CC,TT,AA,CC,AA
000008.jpg,M,Black,Blue,Intskin,CC,TT,CG,TT,AA,CC,TT,GG,AA,TT,CC,CC,CC,TT,AA,CC,AA
000011.jpg,F,Black,Brown,Intskin,CC,CT,CG,TT,AA,CT,CC,GG,AA,TT,CT,AC,AC,TT,AA,CC,AA
000012.jpg,M,Black,Int,Darkskin,CC,CT,CG,TT,AA,CT,CT,GG,AG,CT,CC,AC,CC,CT,AA,CC,AG
000013.jpg,M,Blonde,Blue,Intskin,CC,TT,GG,TT,AT,CC,TT,GG,AA,TT,CC,CC,CC,TT,AA,CC,AA
000017.jpg,F,Black,Int,Intskin,CC,TT,CG,TT,AA,CT,CT,GG,AA,CT,CC,CC,CC,TT,AA,CC,AA
000018.jpg,F,Blonde,Blue,Pale,CC,TT,GG,TT,AT,CC,TT,GG,AA,TT,CC,CC,CC,TT,AA,CC,AA
000019.jpg,F,Blonde,Int,Pale,CC,TT,GG,CT,AA,CC,TT,GG,AA,TT,CC,CC,CC,TT,AA,CC,AA
000020.jpg,M,Black,Brown,Intskin,CC,CC,CC,TT,AA,TT,CC,GG,AG,CT,CT,AC,CC,CT,AA,CC,AA
000022.jpg,F,Blonde,Brown,Intskin,CC,TT,GG,TT,AA,CC,CT,GG,AG,TT,CC,CC,CC,TT,AA,CC,AA
000023.jpg,M,Brownh,Blue,Intskin,CT,CT,GG,TT,AA,CT,CT,AG,AA,TT,CT,CC,AC,TT,AA,CC,AA
000024.jpg,F,Blonde,Int,Pale,CC,TT,CG,TT,AT,CC,TT,GG,AA,CT,CC,CC,CC,TT,AA,CC,AA
000027.jpg,F,Black,Brown,Pale,CC,CT,GG,CT,AA,CT,CT,GG,AA,CT,CT,CC,CC,CT,AG,CC,AG
000028.jpg,F,Brownh,Int,Intskin,CC,TT,GG,TT,AT,CC,TT,GG,AG,TT,CC,CC,CC,TT,AA,CC,AA
000029.jpg,F,Blonde,Brown,Intskin,CC,CT,GG,CT,AA,CT,CT,GG,AG,TT,CT,AC,AC,TT,AA,CC,AA
000033.jpg,M,Black,Int,Intskin,CC,TT,CG,TT,AA,CT,CT,GG,AA,CT,CC,CC,CC,TT,AA,CC,AA
000034.jpg,F,Brownh,Brown,Intskin,CC,CT,GG,TT,AA,CT,CT,GG,AG,CT,CT,AC,CC,CT,AG,CC,AG
000036.jpg,M,Black,Brown,Intskin,CC,CT,GG,TT,AA,CT,CT,GG,AA,CT,CT,AC,CC,CT,AG,CC,AG
000039.jpg,F,Brownh,Brown,Intskin,CC,CC,GG,TT,AA,TT,CC,GG,AA,TT,CC,CC,CC,TT,AA,CC,AA
000040.jpg,F,Black,Brown,Pale,CC,CC,GG,CT,AT,TT,CC,GG,AG,CT,CT,AA,AC,CT,AG,CC,AA
000041.jpg,M,Black,Blue,Intskin,CC,TT,GG,TT,AA,CC,TT,GG,AA,TT,CC,CC,CC,TT,AA,CC,AA
000042.jpg,F,Brownh,Int,Pale,CC,TT,GG,TT,AT,CC,CT,GG,AA,TT,CC,CC,CC,TT,AA,CC,AA
000043.jpg,F,Brownh,Brown,Pale,CC,CC,GG,TT,AA,CT,CT,GG,AG,TT,CT,AC,CC,TT,AG,CC,AG
000044.jpg,F,Black,Brown,Darkskin,CC,CC,CC,TT,AA,TT,CC,GG,AA,CT,CT,AA,CC,TT,AG,CC,AG
000045.jpg,F,Brownh,Blue,Intskin,CC,TT,GG,TT,AA,CC,TT,GG,AA,TT,CC,CC,CC,TT,AA,CC,AA
000046.jpg,F,Black,Int,Pale,CC,CT,CG,TT,AT,CT,CT,GG,AA,TT,CT,AC,AC,TT,AA,CC,AA
000047.jpg,F,Black,Blue,Intskin,CC,TT,GG,TT,AA,CC,TT,GG,AA,TT,CC,CC,CC,TT,AA,CC,AA
000049.jpg,M,Black,Brown,Pale,CC,CT,GG,CT,AA,CT,CT,GG,AA,CT,CT,CC,CC,CT,AG,CC,AG
000050.jpg,M,Black,Brown,Pale,CC,CC,GG,CT,AT,TT,CC,GG,AG,CT,CT,AA,AC,CT,AG,CC,AA
000054.jpg,F,Blonde,Brown,Pale,CC,CT,GG,TT,AA,CT,CC,GG,AA,TT,CT,CC,CC,CT,AG,CC,AA
000055.jpg,M,Black,Blue,Intskin,CT,TT,CG,TT,AA,CC,TT,GG,AA,TT,CC,CC,CC,TT,AA,CC,AA
000056.jpg,M,Black,Int,Pale,CC,TT,GG,TT,AT,CC,TT,GG,AA,CT,CC,AC,CC,TT,AA,CC,AG
000057.jpg,F,Black,Blue,Pale,CC,CT,GG,TT,AA,CT,CT,AG,AA,TT,CT,CC,AC,TT,AA,CC,AA
000059.jpg,F,Black,Brown,Darkskin,CT,CC,CC,TT,AA,TT,CC,GG,AA,CT,CT,AC,CC,CT,AG,CC,AG
000064.jpg,M,Brownh,Brown,Pale,CC,CT,GG,TT,AA,CT,CT,GG,AG,TT,CC,CC,CC,TT,AA,CC,AA
000067.jpg,M,Brownh,Brown,Intskin,CC,CT,GG,TT,AA,CT,CT,GG,AA,CT,CT,AC,CC,CT,AG,CC,AG
000070.jpg,M,Black,Blue,Intskin,CT,TT,CG,TT,AA,CC,TT,GG,AA,TT,CC,CC,CC,TT,AA,CC,AA
000071.jpg,F,Blonde,Brown,Pale,CC,CT,GG,TT,AA,CT,CC,GG,AA,TT,CT,CC,CC,CT,AG,CC,AA
000072.jpg,M,Black,Int,Intskin,CC,TT,GG,TT,AA,CC,TT,GG,AA,TT,CC,CC,CC,TT,AA,CC,AA
000073.jpg,F,Black,Int,Pale,CC,CT,GG,TT,AA,CT,CT,GG,AA,CT,CT,AA,CC,CT,AG,CC,AG
000075.jpg,F,Brownh,Brown,Intskin,CC,CT,GG,CT,AA,CT,CC,GG,AA,TT,CT,AC,AC,TT,AA,CT,AA
000076.jpg,M,Black,Brown,Intskin,CC,CT,CG,CT,AA,CT,CT,GG,AA,CT,CT,AC,CC,CT,AG,CC,AG
000078.jpg,F,Black,Brown,Intskin,CC,CT,CC,CT,AA,CT,CT,GG,AG,TT,CT,AC,AC,TT,AA,CC,AG
000080.jpg,M,Black,Int,Intskin,CC,CT,CG,CT,AT,CT,CT,GG,AA,TT,CC,AC,AC,TT,AA,CC,AA
000083.jpg,F,Brownh,Blue,Pale,CC,TT,GG,TT,AT,CC,TT,GG,AA,TT,CC,CC,CC,TT,AA,CT,AA
000085.jpg,F,Brownh,Brown,Pale,CC,CT,GG,TT,AA,CC,CT,GG,AG,CT,CT,AC,CC,CT,AG,CC,AG
000088.jpg,F,Brownh,Int,Pale,CC,TT,GG,TT,AA,CC,TT,GG,AA,TT,CC,CC,CC,TT,AA,CT,AA
000091.jpg,M,Black,Brown,Pale,CC,CC,GG,CT,AT,TT,CC,GG,AG,CT,CT,AA,AC,CT,AG,CC,AA
000092.jpg,F,Blonde,Int,Intskin,CC,CT,GG,CT,AT,CC,TT,GG,AA,TT,CC,CC,CC,TT,AA,CC,AA
000094.jpg,F,Blonde,Blue,Pale,CC,TT,GG,TT,AA,CC,TT,AG,AA,TT,CC,CC,CC,TT,AA,CC,AA
000098.jpg,F,Black,Int,Intskin,CC,TT,GG,TT,AA,CC,CT,GG,AA,CT,CC,CC,CC,CT,AA,CC,AA
000099.jpg,F,Brownh,Blue,Intskin,CC,TT,GG,TT,AA,CC,TT,GG,AA,TT,CC,CC,CC,TT,AA,CT,AA
000100.jpg,F,Blonde,Blue,Pale,CC,TT,GG,CC,AA,CC,TT,AG,AA,TT,CC,CC,CC,TT,AA,CC,AA
000101.jpg,F,Black,Blue,Intskin,CC,TT,CG,TT,AA,CC,TT,GG,AA,TT,CC,CC,CC,TT,AA,CC,AA
000102.jpg,M,Black,Brown,Pale,CC,CC,GG,CT,AT,TT,CC,GG,AG,CT,CT,AA,AC,CT,AG,CC,AA
000103.jpg,F,Brownh,Int,Intskin,CT,TT,CG,TT,AA,CC,TT,GG,AA,TT,CC,CC,CC,TT,AA,CC,AA
000107.jpg,F,Brownh,Int,Intskin,CC,CT,GG,TT,AA,CC,TT,GG,AA,TT,CC,AC,AC,TT,AG,CT,AA
000110.jpg,F,Brownh,Int,Pale,CC,TT,GG,TT,AT,CC,TT,GG,AA,TT,CT,CC,CC,TT,AA,CC,AA
000111.jpg,F,Blonde,Brown,Darkskin,CC,TT,GG,TT,AA,CC,TT,GG,AA,TT,CC,CC,CC,TT,AA,CC,AA
000112.jpg,F,Blonde,Int,Intskin,CC,CT,GG,CT,AT,CC,TT,GG,AA,TT,CC,CC,CC,TT,AA,CC,AA
000114.jpg,M,Black,Brown,Pale,CC,CT,GG,CT,AA,CT,CT,GG,AA,CT,CT,CC,CC,CT,AG,CC,AG
000116.jpg,M,Brownh,Blue,Pale,CC,TT,GG,TT,AT,CC,TT,GG,AA,TT,CC,CC,CC,TT,AA,CC,AA
000118.jpg,F,Black,Brown,Intskin,CT,CT,CG,TT,AA,CT,CT,GG,AA,CT,CT,AC,CC,CT,AG,CC,AA
000122.jpg,F,Blonde,Blue,Pale,CC,TT,GG,CT,AT,CC,TT,AG,AA,TT,CT,CC,CC,TT,AA,CC,AA
000123.jpg,M,Black,Blue,Intskin,CC,TT,GG,TT,AA,CC,TT,GG,AA,TT,CC,CC,CC,TT,AA,CC,AA
000124.jpg,F,Black,Brown,Intskin,CC,CT,GG,TT,AA,CT,CT,GG,AA,CT,CT,AC,CC,CT,AG,CC,AG
000126.jpg,F,Blonde,Int,Intskin,CT,TT,GG,CT,AA,CC,TT,AG,AA,TT,CC,CC,CC,TT,AG,CC,AA
000129.jpg,M,Black,Brown,Intskin,CT,CT,CG,TT,AA,CT,CT,GG,AG,TT,CT,CC,CC,TT,AG,CC,AA
000131.jpg,F,Black,Brown,Darkskin,CC,CC,CC,TT,AA,TT,CC,GG,AA,CT,CT,AA,CC,TT,AG,CC,AG
000132.jpg,F,Black,Brown,Darkskin,CC,CT,CC,TT,AA,CT,CC,GG,AA,TT,CT,AC,AC,TT,AA,CC,AA
000133.jpg,F,Blonde,Int,Pale,CC,TT,GG,TT,AT,CC,CT,GG,AA,TT,CC,CC,CC,TT,AA,CC,AA
000140.jpg,F,Blonde,Blue,Intskin,CC,TT,GG,CT,AT,CC,TT,GG,AA,TT,CC,CC,CC,TT,AA,CC,AA
000144.jpg,M,Black,Blue,Pale,CC,CT,GG,TT,AA,CT,CT,AG,AA,TT,CT,CC,AC,TT,AA,CC,AA
000147.jpg,F,Blonde,Blue,Intskin,CC,TT,GG,TT,AT,CC,TT,GG,AA,TT,CC,CC,CC,TT,AA,CC,AA
000148.jpg,F,Black,Brown,Pale,CC,CC,GG,CT,AT,TT,CC,GG,AG,CT,CT,AA,AC,CT,AG,CC,AA
000152.jpg,M,Blonde,Int,Intskin,CC,TT,GG,CT,AT,CC,TT,GG,AA,TT,CC,CC,CC,TT,AA,CC,AA
000157.jpg,F,Blonde,Brown,Intskin,CC,TT,GG,TT,AA,CC,CT,GG,AG,TT,CC,CC,CC,TT,AA,CC,AA
000158.jpg,M,Black,Blue,Darkskin,CC,TT,GG,TT,AT,CC,TT,GG,AA,TT,CC,CC,CC,TT,AA,CC,AA
000160.jpg,M,Black,Brown,Pale,CC,CT,GG,CT,AA,CT,CT,GG,AA,CT,CT,CC,CC,CT,AG,CC,AG
000161.jpg,F,Black,Brown,Pale,CC,CC,GG,CT,AT,TT,CC,GG,AG,CT,CT,AA,AC,CT,AG,CC,AA
000162.jpg,F,Black,Blue,Darkskin,CC,CT,CC,TT,AT,CT,CT,GG,AA,CT,CC,CC,CC,TT,AA,CC,AA
000165.jpg,F,Brownh,Brown,Pale,CC,CT,GG,CT,AA,CT,CT,GG,AG,TT,CT,AC,AC,TT,AA,CC,AA
000167.jpg,F,Blonde,Brown,Pale,CC,CT,GG,TT,AT,CT,CT,GG,AA,TT,CT,CC,CC,CT,AG,CC,AA
000168.jpg,F,Black,Brown,Darkskin,CC,CT,CC,TT,AT,CT,CT,GG,AG,TT,CT,CC,CC,CT,AG,CC,AG
000170.jpg,F,Brownh,Brown,Intskin,CC,CT,GG,TT,AA,CT,CT,GG,AA,CT,CT,AC,AC,CT,AA,CC,AA
000171.jpg,M,Brownh,Int,Pale,CC,TT,GG,TT,TT,CC,CT,GG,AA,TT,CT,CC,CC,TT,AG,CC,AA
000172.jpg,F,Brownh,Int,Pale,CC,TT,GG,TT,AA,CC,CT,GG,AA,TT,CC,CC,CC,TT,AA,CT,AA
000173.jpg,F,Black,Int,Darkskin,TT,TT,CC,TT,AA,CC,CC,GG,AA,CT,CC,AC,CC,CT,AA,CC,AG
000175.jpg,F,Brownh,Int,Pale,CC,CT,GG,TT,AT,CT,CT,GG,AA,TT,CT,AC,AC,TT,AA,CT,AA
000177.jpg,F,Black,Int,Pale,CC,CT,CG,TT,AT,CT,CT,GG,AA,TT,CT,AC,AC,TT,AA,CC,AA
000178.jpg,F,Brownh,Brown,Pale,CC,TT,GG,TT,AA,CC,CT,GG,AA,TT,CT,AC,CC,CT,AG,CC,AG
000179.jpg,F,Black,Brown,Pale,CC,CC,GG,CT,AT,TT,CC,GG,AG,CT,CT,AA,AC,CT,AG,CC,AA
000180.jpg,F,Brownh,Brown,Intskin,CC,CT,GG,TT,AA,CT,CT,GG,AA,CT,CT,AC,CC,CT,AG,CC,AG
000187.jpg,M,Black,Brown,Intskin,CC,CT,CG,TT,AA,CT,CC,GG,AA,TT,CT,AC,AC,TT,AA,CC,AA
000188.jpg,M,Brownh,Blue,Intskin,CC,TT,GG,TT,AA,CC,TT,AG,AA,TT,CC,CC,CC,TT,AA,CC,AA
000189.jpg,F,Brownh,Int,Darkskin,CC,TT,GG,TT,AA,CC,TT,GG,AA,TT,CC,CC,CC,TT,AA,CC,AA
000191.jpg,F,Blonde,Int,Intskin,CC,TT,GG,TT,AA,CC,TT,GG,AA,TT,CC,CC,CC,TT,AG,CC,AA
000193.jpg,M,Black,Brown,Intskin,CC,CT,CC,CT,AA,CT,CT,GG,AG,TT,CT,AC,AC,TT,AA,CC,AG
000198.jpg,F,Brownh,Int,Intskin,CC,TT,GG,TT,AT,CC,CT,GG,AA,TT,CC,CC,CC,TT,AA,CT,AA
000200.jpg,M,Brownh,Blue,Intskin,CC,TT,GG,TT,AA,CC,TT,GG,AA,TT,CC,CC,CC,TT,AA,CC,AA
000201.jpg,F,Blonde,Brown,Pale,CC,CT,GG,TT,AT,CT,CT,GG,AA,TT,CT,CC,CC,CT,AG,CC,AA
000204.jpg,F,Black,Blue,Intskin,CC,TT,CG,TT,AA,CC,TT,GG,AA,TT,CC,CC,CC,TT,AA,CC,AA
000205.jpg,M,Brownh,Blue,Intskin,CC,TT,GG,TT,AA,CC,TT,GG,AA,TT,CC,CC,CC,TT,AA,CC,AA
000206.jpg,M,Black,Brown,Intskin,CT,CT,CG,TT,AA,CT,CT,GG,AG,TT,CT,CC,CC,TT,AG,CC,AA
000208.jpg,F,Brownh,Brown,Intskin,CC,CT,GG,TT,AT,CT,CT,GG,AG,CT,CT,AC,CC,CT,AG,CC,AG
000212.jpg,M,Black,Brown,Intskin,CC,CC,CG,TT,TT,TT,CC,AG,AG,CT,CT,AA,CC,CT,AG,CC,GG
000214.jpg,M,Black,Blue,Intskin,CC,TT,GG,TT,AA,CC,TT,GG,AA,TT,CC,CC,CC,TT,AA,CC,AA
000216.jpg,F,Black,Int,Darkskin,TT,TT,CC,TT,AA,CC,CC,GG,AA,CT,CC,AC,CC,CT,AA,CC,AG
000218.jpg,F,Blonde,Int,Pale,CC,TT,GG,TT,AT,CC,TT,GG,AA,TT,CC,CC,CC,TT,AA,CC,AA
000219.jpg,F,Brownh,Blue,Intskin,CC,TT,GG,TT,AA,CC,TT,GG,AA,TT,CC,CC,CC,TT,AA,CC,AA
000222.jpg,F,Brownh,Blue,Intskin,CC,TT,GG,CT,AA,CC,TT,GG,AA,TT,CC,CC,CC,TT,AA,CC,AA
000223.jpg,M,Blonde,Brown,Pale,CC,CT,GG,TT,AA,CT,CC,GG,AA,TT,CT,CC,CC,CT,AG,CC,AA
000225.jpg,F,Brownh,Blue,Pale,CC,TT,GG,TT,AA,CC,TT,GG,AA,TT,CC,CC,CC,TT,AA,CC,AA
000228.jpg,F,Blonde,Blue,Pale,CC,TT,GG,CT,AA,CC,TT,GG,AA,TT,CC,CC,CC,TT,AA,CC,AA
000233.jpg,F,Black,Int,Pale,CC,TT,GG,TT,AA,CC,TT,GG,AG,TT,CC,CC,CC,TT,AA,CC,AA
000239.jpg,F,Blonde,Brown,Intskin,CC,CT,GG,CT,AA,CT,CT,GG,AG,TT,CT,AC,AC,TT,AA,CC,AA
000241.jpg,F,Brownh,Blue,Intskin,CC,TT,GG,TT,AT,CC,TT,GG,AA,TT,CC,CC,CC,TT,AA,CC,AA
000243.jpg,F,Brownh,Blue,Intskin,CC,TT,GG,TT,AA,CC,TT,GG,AA,TT,CC,AC,CC,TT,AA,CC,AA
000245.jpg,M,Black,Brown,Intskin,CT,CT,CG,TT,AA,CT,CT,GG,AG,TT,CT,CC,CC,TT,AG,CC,AA
000246.jpg,F,Black,Blue,Pale,CC,CT,GG,TT,AA,CT,CT,AG,AA,TT,CT,CC,AC,TT,AA,CC,AA
000247.jpg,F,Blonde,Brown,Intskin,CC,CT,GG,CT,AT,CT,CT,GG,AG,CC,CT,CC,CC,CT,AG,CC,AA
000250.jpg,M,Black,Int,Darkskin,TT,TT,CC,TT,AA,CC,CC,GG,AA,CT,CC,AC,CC,CT,AA,CC,AG
000259.jpg,F,Brownh,Brown,Pale,CC,CC,GG,TT,AA,CT,CT,AG,AA,TT,CC,CC,CC,TT,AA,CC,AA
000260.jpg,F,Black,Brown,Intskin,CC,CC,CG,TT,TT,TT,CC,AG,AG,CT,CT,AA,CC,CT,AG,CC,GG
000261.jpg,M,Brownh,Blue,Pale,CC,TT,GG,TT,AA,CC,TT,AG,AA,TT,CC,CC,CC,TT,AA,CC,AA
000262.jpg,F,Black,Int,Intskin,CC,TT,CC,TT,AA,CC,CT,GG,AA,CT,CC,CC,CC,TT,AG,CC,AA
000267.jpg,F,Brownh,Brown,Intskin,CC,CT,GG,TT,AT,CT,CT,GG,AG,CT,CT,AC,CC,CT,AG,CC,AG
000268.jpg,F,Brownh,Int,Intskin,CC,CT,GG,TT,AA,CC,CT,AG,AA,CT,CT,AC,CC,TT,AG,CT,AA
000269.jpg,F,Black,Brown,Darkskin,CT,CC,CC,TT,AA,TT,CC,GG,AA,CT,CT,AC,CC,CT,AG,CC,AG
000270.jpg,F,Brownh,Brown,Intskin,CC,CC,CG,TT,AA,TT,CC,GG,AA,CT,CT,AC,AC,CT,AG,CC,AA
000271.jpg,F,Blonde,Brown,Intskin,CC,CC,GG,TT,AA,TT,CC,GG,AG,CT,CT,AA,AA,CT,AG,CT,AA
000277.jpg,M,Black,Int,Pale,CC,CT,CG,TT,AT,CT,CT,GG,AA,TT,CT,AC,AC,TT,AA,CC,AA
000278.jpg,F,Blonde,Int,Intskin,CC,TT,GG,CT,AT,CC,TT,GG,AA,TT,CC,CC,CC,TT,AA,CC,AA
000279.jpg,F,Brownh,Blue,Intskin,CC,TT,GG,TT,AA,CC,TT,GG,AA,TT,CC,CC,CC,TT,AA,CC,AA
000281.jpg,F,Brownh,Brown,Pale,CC,CT,GG,TT,AA,CC,CT,GG,AG,CT,CT,AC,CC,CT,AG,CC,AG
000284.jpg,M,Black,Blue,Darkskin,CC,TT,GG,CT,AT,CC,TT,GG,AA,CT,CC,CC,CC,TT,AA,CC,AA
000285.jpg,F,Black,Blue,Intskin,CC,TT,GG,TT,AA,CC,TT,GG,AA,TT,CC,CC,CC,TT,AA,CC,AA
000286.jpg,M,Black,Brown,Intskin,CC,CT,CG,CT,AA,CT,CT,GG,AA,CT,CT,AC,CC,CT,AG,CC,AG
000287.jpg,F,Blonde,Brown,Intskin,CC,CT,GG,CT,AT,CT,CT,GG,AG,CC,CT,CC,CC,CT,AG,CC,AA
000289.jpg,F,Black,Brown,Pale,CC,CT,GG,CT,AA,CT,CT,GG,AA,CT,CT,CC,CC,CT,AG,CC,AG
000291.jpg,F,Blonde,Brown,Intskin,CC,CT,GG,CT,AT,CT,CT,GG,AG,CC,CT,CC,CC,CT,AG,CC,AA
000292.jpg,F,Black,Int,Darkskin,CC,CT,CG,TT,AA,CT,CT,GG,AG,CT,CC,AC,CC,CT,AA,CC,AG
000294.jpg,M,Black,Blue,Darkskin,CC,TT,GG,TT,AT,CC,TT,GG,AA,TT,CC,CC,CC,TT,AA,CC,AA
000296.jpg,F,Brownh,Blue,Intskin,CC,TT,GG,TT,AA,CC,TT,AG,AA,TT,CC,CC,CC,TT,AA,CC,AA
000297.jpg,M,Black,Brown,Intskin,CC,CT,GG,TT,AA,CT,CC,GG,AG,CT,CT,AC,AC,CT,AG,CT,AG
000298.jpg,M,Black,Int,Darkskin,CC,CT,CG,TT,AA,CT,CT,GG,AG,CT,CC,AC,CC,CT,AA,CC,AG
000300.jpg,M,Black,Int,Darkskin,CC,CT,CG,TT,AA,CT,CT,GG,AG,CT,CC,AC,CC,CT,AA,CC,AG
000301.jpg,F,Brownh,Blue,Pale,CC,TT,GG,TT,AT,CC,TT,GG,AA,TT,CC,CC,CC,TT,AA,CC,AA
000302.jpg,F,Blonde,Brown,Pale,CC,CT,GG,TT,AA,CT,CC,GG,AA,TT,CT,CC,CC,CT,AG,CC,AA
000303.jpg,F,Black,Int,Darkskin,TT,TT,CC,TT,AA,CC,CC,GG,AA,CT,CC,AC,CC,CT,AA,CC,AG
000309.jpg,F,Brownh,Brown,Intskin,CC,CT,GG,CT,AA,CT,CC,GG,AA,TT,CT,AC,AC,TT,AA,CT,AA
000312.jpg,F,Brownh,Int,Intskin,CC,TT,GG,CC,AA,CC,TT,GG,AA,TT,CC,CC,CC,TT,AA,CC,AA
000315.jpg,F,Black,Int,Intskin,CC,TT,GG,TT,AA,CC,TT,GG,AA,TT,CC,CC,CC,TT,AA,CC,AA
000320.jpg,M,Black,Int,Intskin,CC,TT,GG,TT,AA,CC,CT,GG,AA,TT,CC,CC,CC,TT,AA,CT,AA
000321.jpg,M,Black,Brown,Intskin,CC,CT,GG,TT,AA,CT,CT,GG,AA,CT,CT,AC,CC,CT,AG,CC,AG
000322.jpg,F,Blonde,Int,Pale,CC,TT,GG,TT,AT,CC,TT,GG,AA,TT,CC,CC,CC,TT,AG,CC,AA
000325.jpg,F,Blonde,Brown,Intskin,CC,CT,GG,CT,AA,CT,CT,GG,AG,TT,CT,AC,AC,TT,AA,CC,AA
000327.jpg,F,Black,Blue,Pale,CC,TT,GG,CC,AA,CC,TT,GG,AA,TT,CC,CC,CC,TT,AA,CT,AA
000328.jpg,F,Brownh,Brown,Intskin,CC,CT,GG,CT,AA,CT,CC,AG,AG,TT,CT,AC,CC,CT,AG,CC,AG
000329.jpg,M,Brownh,Brown,Intskin,CC,CT,CC,TT,AA,CT,CC,GG,AA,CT,CT,CC,CC,CT,AA,CC,AA
000334.jpg,F,Blonde,Blue,Intskin,CC,TT,GG,CT,AA,CC,TT,AG,AA,TT,CC,CC,CC,TT,AA,CC,AG
000336.jpg,M,Black,Brown,Darkskin,CT,CC,CC,TT,AA,TT,CC,GG,AA,CT,CT,AC,CC,CT,AG,CC,AG
000337.jpg,F,Brownh,Blue,Intskin,CC,TT,GG,TT,AA,CC,TT,AG,AA,TT,CC,CC,CC,TT,AA,CC,AA
000338.jpg,F,Blonde,Brown,Pale,CC,CT,GG,TT,AA,CT,CC,GG,AA,TT,CT,CC,CC,CT,AG,CC,AA
000339.jpg,M,Black,Brown,Intskin,CC,CC,CC,TT,AA,TT,CC,GG,AA,CT,TT,AA,AC,CT,AG,CC,AG
000341.jpg,F,Blonde,Blue,Intskin,CC,TT,GG,TT,AA,CC,TT,GG,AA,TT,CC,CC,CC,TT,AA,CT,AA
000342.jpg,F,Black,Blue,Intskin,CT,TT,CG,TT,AA,CC,TT,GG,AA,TT,CC,CC,CC,TT,AA,CC,AA
000346.jpg,M,Black,Brown,Pale,CC,CC,GG,CT,AT,TT,CC,GG,AG,CT,CT,AA,AC,CT,AG,CC,AA
000348.jpg,F,Blonde,Int,Intskin,CC,TT,CC,CC,TT,TT,CC,AA,AG,CC,CC,CC,AA,CC,AA,CC,GG
000349.jpg,F,Black,Int,Darkskin,CC,CT,CG,TT,AA,CT,CT,GG,AG,CT,CC,AC,CC,CT,AA,CC,AG
000350.jpg,M,Black,Brown,Darkskin,CC,CT,CC,TT,AA,CT,CC,GG,AA,TT,CT,AC,AC,TT,AA,CC,AA
000351.jpg,F,Blonde,Int,Intskin,CC,TT,GG,TT,AT,CC,TT,GG,AA,TT,CC,CC,CC,TT,AA,CC,AA
000352.jpg,M,Brownh,Brown,Intskin,CC,CT,GG,TT,AT,CT,CC,GG,AA,TT,CT,AC,CC,TT,AG,CC,AA
000353.jpg,F,Brownh,Blue,Intskin,CC,TT,GG,TT,AA,CC,TT,GG,AA,TT,CC,CC,CC,TT,AA,CC,AA
000354.jpg,F,Black,Blue,Intskin,CC,TT,GG,TT,AA,CC,TT,GG,AA,TT,CC,CC,CC,TT,AA,CC,AA
000355.jpg,M,Black,Int,Darkskin,TT,TT,CC,TT,AA,CC,CC,GG,AA,CT,CC,AC,CC,CT,AA,CC,AG
000356.jpg,F,Black,Brown,Intskin,CT,CC,CC,TT,AA,TT,CC,GG,AG,TT,TT,AA,CC,TT,AG,CC,AA
000357.jpg,F,Blonde,Int,Intskin,CC,CT,GG,CT,AT,CC,TT,GG,AA,TT,CC,CC,CC,TT,AA,CC,AA
000359.jpg,F,Brownh,Int,Intskin,CC,CT,GG,TT,AA,CT,CT,GG,AA,CT,CT,AC,CC,CT,AG,CC,AG
000362.jpg,M,Black,Int,Pale,CC,CT,CG,TT,AT,CT,CT,AG,AA,TT,CC,AC,CC,CT,AG,CC,AG
000365.jpg,F,Blonde,Int,Intskin,CC,TT,GG,CT,AA,CC,TT,GG,AA,TT,CC,CC,CC,TT,AA,CC,AA
000367.jpg,M,Black,Brown,Intskin,CC,CT,CG,TT,AA,CT,CC,GG,AG,CT,CT,AA,CC,CT,AG,CC,GG
000369.jpg,F,Black,Brown,Darkskin,CC,CC,CC,TT,AA,TT,CC,GG,AA,CT,CT,AA,CC,TT,AG,CC,AG
000371.jpg,F,Blonde,Blue,Pale,CC,TT,GG,TT,AA,CC,TT,GG,AA,TT,CC,CC,CC,TT,AA,CC,AA
000373.jpg,F,Brownh,Blue,Intskin,CC,TT,GG,CT,AA,CC,TT,GG,AA,TT,CC,CC,CC,TT,AA,CT,AA
000374.jpg,F,Black,Blue,Pale,CC,CT,GG,TT,AA,CT,CT,AG,AA,TT,CT,CC,AC,TT,AA,CC,AA
000380.jpg,M,Brownh,Blue,Intskin,CC,TT,CG,TT,AA,CC,TT,GG,AA,TT,CC,CC,CC,TT,AA,CC,AA
000382.jpg,F,Blonde,Blue,Pale,CC,TT,GG,TT,AA,CC,TT,AG,AA,TT,CC,CC,CC,TT,AA,CC,AA
000387.jpg,F,Brownh,Int,Pale,CC,TT,GG,TT,AT,CC,CT,GG,AA,TT,CC,CC,CC,TT,AA,CC,AA
000389.jpg,M,Brownh,Brown,Intskin,CC,CT,CG,TT,AA,CT,CC,GG,AG,CT,CT,CC,CC,CT,AG,CC,AG
000391.jpg,F,Brownh,Brown,Pale,CC,TT,GG,TT,AA,CC,CT,GG,AA,TT,CT,AC,CC,CT,AG,CC,AG
000394.jpg,F,Black,Int,Darkskin,CC,CT,CG,TT,AA,CT,CT,GG,AG,CT,CC,AC,CC,CT,AA,CC,AG
000396.jpg,F,Brownh,Blue,Intskin,CC,TT,GG,TT,AT,CC,TT,AG,AA,CT,CC,CC,CC,TT,AA,CC,AA
000398.jpg,M,Brownh,Int,Pale,CC,TT,GG,TT,AT,CC,CT,GG,AA,TT,CC,CC,CC,TT,AA,CC,AA
000399.jpg,F,Blonde,Blue,Pale,CC,TT,GG,TT,TT,CC,TT,GG,AA,TT,CC,CC,CC,TT,AA,CC,AA
000406.jpg,M,Black,Brown,Intskin,CT,CT,CG,TT,AA,CT,CT,GG,AA,CT,CT,AC,CC,CT,AG,CC,AA
000409.jpg,M,Black,Brown,Intskin,CC,CC,CC,TT,AA,TT,CC,GG,AA,CT,TT,AA,AC,CT,AG,CC,AG
000412.jpg,F,Brownh,Blue,Intskin,CC,TT,GG,TT,AA,CC,TT,GG,AA,TT,CC,CC,CC,TT,AA,CC,AA
000415.jpg,F,Brownh,Brown,Intskin,CC,CT,GG,TT,AA,CT,CT,GG,AG,CT,CT,AC,CC,CT,AG,CC,AG
000418.jpg,M,Black,Blue,Darkskin,CC,TT,CG,TT,AA,CC,TT,GG,AA,TT,CC,CC,CC,CT,AA,CC,AA
000421.jpg,F,Blonde,Int,Intskin,CC,CT,GG,CT,AT,CC,TT,GG,AA,TT,CC,CC,CC,TT,AA,CC,AA
000422.jpg,F,Black,Blue,Intskin,CC,TT,GG,TT,AA,CC,TT,GG,AA,TT,CC,CC,CC,TT,AA,CC,AA
000427.jpg,M,Black,Brown,Intskin,CT,CT,CG,TT,AA,CT,CC,GG,AA,TT,CT,AC,AC,TT,AA,CC,AA
000428.jpg,M,Brownh,Blue,Intskin,CC,TT,GG,TT,AA,CC,TT,GG,AA,TT,CC,CC,CC,TT,AA,CC,AA
000429.jpg,M,Brownh,Blue,Intskin,CC,TT,GG,CT,AA,CC,TT,GG,AA,TT,CC,CC,CC,TT,AA,CC,AA
000430.jpg,M,Black,Brown,Intskin,CC,CC,CG,TT,TT,TT,CC,AG,AG,CT,CT,AA,CC,CT,AG,CC,GG
000431.jpg,F,Blonde,Blue,Pale,CC,TT,GG,TT,AA,CC,TT,GG,AA,TT,CC,CC,CC,TT,AA,CC,AA
000432.jpg,F,Blonde,Brown,Pale,CC,CT,GG,TT,AA,CT,CC,GG,AA,TT,CT,CC,CC,CT,AG,CC,AA
000433.jpg,M,Black,Int,Darkskin,CC,CT,CG,TT,AA,CT,CT,GG,AG,CT,CC,AC,CC,CT,AA,CC,AG
000436.jpg,F,Brownh,Brown,Intskin,CT,CC,GG,TT,AA,CT,CT,AG,AG,CT,CT,AC,CC,CT,AG,CT,AG
000439.jpg,M,Black,Blue,Darkskin,CC,TT,GG,CT,AT,CC,CT,GG,AA,TT,CC,CC,CC,TT,AG,CC,AA
000443.jpg,M,Brownh,Blue,Intskin,CC,TT,GG,TT,AA,CC,TT,GG,AA,TT,CC,CC,CC,TT,AA,CC,AA
000445.jpg,F,Brownh,Brown,Intskin,CC,CC,CG,TT,AT,TT,CC,GG,AA,CC,TT,AA,CC,CC,GG,CC,GG
000452.jpg,M,Black,Brown,Intskin,CC,CT,GG,TT,AA,CT,CC,GG,AG,TT,CC,CC,CC,TT,AA,CT,AA
000453.jpg,M,Brownh,Brown,Intskin,CC,CT,GG,CT,AA,CT,CC,GG,AA,TT,CT,AC,AC,TT,AA,CT,AA
000454.jpg,F,Blonde,Brown,Intskin,CC,CT,GG,CT,AT,CT,CT,GG,AG,CC,CT,CC,CC,CT,AG,CC,AA
000456.jpg,M,Black,Blue,Intskin,CC,TT,GG,TT,AA,CC,TT,GG,AA,TT,CC,CC,CC,TT,AA,CC,AA
000459.jpg,M,Brownh,Blue,Intskin,CC,TT,GG,TT,AA,CC,TT,GG,AA,TT,CC,CC,CC,TT,AA,CC,AA
000466.jpg,F,Brownh,Brown,Intskin,CC,CC,GG,TT,AA,TT,CC,GG,AA,TT,CC,CC,CC,TT,AA,CC,AA
000468.jpg,F,Blonde,Blue,Intskin,CC,CT,GG,TT,AA,CT,CT,GG,AA,TT,CT,AC,AC,TT,AA,CC,AG
000469.jpg,F,Brownh,Brown,Pale,CC,CT,GG,TT,AA,CT,CT,AG,AG,TT,CT,CC,AC,TT,AA,CC,AA
000470.jpg,F,Brownh,Brown,Pale,CC,CT,GG,CT,AT,CC,CT,GG,AG,TT,CC,AC,CC,CT,AG,CC,AA
000471.jpg,F,Blonde,Brown,Intskin,CC,CC,GG,TT,AA,TT,CC,GG,AG,CT,CT,AA,AA,CT,AG,CT,AA
000472.jpg,F,Brownh,Brown,Pale,CC,CT,GG,TT,AA,CT,CT,GG,AA,TT,CT,AC,CC,TT,AG,CC,AG
000473.jpg,M,Brownh,Blue,Intskin,CC,TT,GG,TT,AA,CC,TT,GG,AA,TT,CC,AC,CC,TT,AA,CC,AA
000474.jpg,M,Brownh,Brown,Intskin,CC,CT,GG,TT,AA,CT,CT,GG,AA,CT,CT,AC,AC,CT,AA,CC,AA
000475.jpg,F,Blonde,Brown,Intskin,CC,CT,GG,CT,AA,CT,CT,GG,AG,TT,CT,AC,AC,TT,AA,CC,AA
000477.jpg,M,Black,Blue,Intskin,CC,TT,GG,TT,AA,CC,TT,GG,AA,TT,CC,CC,CC,TT,AA,CC,AA
000478.jpg,F,Blonde,Blue,Pale,CC,TT,GG,CT,AA,CC,TT,GG,AA,TT,CC,CC,CC,TT,AA,CC,AA
000480.jpg,F,Brownh,Brown,Intskin,CC,CT,GG,TT,AA,CT,CC,GG,AA,TT,CT,AC,AC,TT,AA,CT,AA
000481.jpg,M,Brownh,Brown,Pale,CC,CT,GG,TT,AA,CT,CT,GG,AA,TT,CT,AC,AC,TT,AA,CC,AA
000483.jpg,F,Blonde,Brown,Intskin,CC,CT,GG,TT,AA,CT,CT,GG,AG,CT,CT,AC,CC,TT,AG,CT,AA
000484.jpg,F,Black,Brown,Intskin,CC,CT,CC,CT,AA,CT,CT,GG,AG,TT,CT,AC,AC,TT,AA,CC,AG
000485.jpg,F,Blonde,Brown,Pale,CC,CT,GG,CT,AT,CC,CT,GG,AA,CT,CT,AC,CC,CT,AG,CC,AA
000486.jpg,M,Black,Brown,Intskin,CC,CT,CC,CT,AA,CT,CT,GG,AG,TT,CT,AC,AC,TT,AA,CC,AG
000489.jpg,F,Black,Blue,Intskin,CT,TT,CG,TT,AA,CC,TT,GG,AA,TT,CC,CC,CC,TT,AA,CC,AA
000490.jpg,M,Black,Brown,Intskin,CT,CC,CC,TT,AA,TT,CC,GG,AG,TT,TT,AA,CC,TT,AG,CC,AA
000492.jpg,F,Blonde,Brown,Pale,CC,CT,GG,TT,AA,CT,CC,GG,AA,TT,CT,CC,CC,CT,AG,CC,AA
000495.jpg,F,Brownh,Int,Intskin,CC,TT,GG,TT,AA,CC,TT,AG,AG,TT,CC,CC,CC,TT,AA,CC,AA
000497.jpg,F,Blonde,Int,Pale,CC,TT,GG,TT,AT,CC,TT,GG,AA,TT,CC,CC,CC,TT,AA,CC,AA
000499.jpg,F,Blonde,Blue,Intskin,CC,TT,GG,TT,AT,CC,TT,GG,AA,TT,CC,CC,CC,TT,AA,CC,AA
000502.jpg,F,Black,Brown,Intskin,CC,CT,GG,TT,AA,CT,CC,GG,AG,CT,CT,AC,AC,CT,AG,CT,AG
000503.jpg,F,Blonde,Brown,Pale,CC,CT,GG,TT,AT,CT,CT,GG,AA,TT,CT,CC,CC,CT,AG,CC,AA
000505.jpg,F,Black,Brown,Intskin,CC,CC,CG,TT,TT,TT,CC,AG,AG,CT,CT,AA,CC,CT,AG,CC,GG
000507.jpg,F,Black,Int,Pale,CC,TT,CG,TT,AA,CC,TT,GG,AA,TT,CC,CC,CC,TT,AA,CC,AA
000510.jpg,F,Blonde,Int,Intskin,CT,TT,CG,CT,TT,CC,TT,GG,AA,TT,CC,CC,CC,TT,AA,CC,AA
000512.jpg,M,Black,Blue,Darkskin,CC,TT,GG,TT,AA,CC,CT,GG,AA,TT,CC,CC,CC,TT,AA,CT,AA
000513.jpg,F,Blonde,Blue,Intskin,CC,TT,GG,TT,AT,CC,TT,GG,AA,TT,CC,CC,CC,TT,AA,CC,AA
000514.jpg,F,Brownh,Brown,Intskin,CC,CT,GG,CT,AA,CT,CC,GG,AA,TT,CT,AC,AC,TT,AA,CT,AA
000515.jpg,M,Black,Blue,Intskin,CC,TT,GG,TT,AA,CC,TT,GG,AA,TT,CC,CC,CC,TT,AA,CC,AA
000516.jpg,F,Blonde,Int,Pale,CC,CT,GG,TT,AA,CT,CT,AG,AA,TT,CC,CC,CC,TT,AA,CC,AA
000519.jpg,F,Brownh,Brown,Intskin,CC,CC,GG,TT,AA,TT,CC,GG,AA,TT,CC,CC,CC,TT,AA,CC,AA
000524.jpg,F,Black,Brown,Intskin,CT,CC,CC,TT,AA,TT,CC,GG,AG,TT,TT,AA,CC,TT,AG,CC,AA
000525.jpg,F,Black,Blue,Darkskin,CC,TT,CG,TT,AA,CC,TT,GG,AA,TT,CC,CC,CC,CT,AA,CC,AA
000527.jpg,F,Brownh,Brown,Intskin,CC,CT,GG,TT,AT,CT,CC,GG,AA,TT,CT,AC,CC,TT,AG,CC,AA
000528.jpg,F,Blonde,Brown,Pale,CC,CT,GG,TT,AA,CT,CC,GG,AA,TT,CT,CC,CC,CT,AG,CC,AA
000529.jpg,M,Black,Brown,Intskin,CC,CT,GG,TT,AA,CT,CT,GG,AA,CT,CT,AC,CC,CT,AG,CC,AG
000531.jpg,F,Black,Int,Intskin,CC,CT,GG,TT,AA,CC,CT,GG,AA,CT,CT,AC,CC,CT,AG,CT,AG
000532.jpg,F,Brownh,Brown,Intskin,CC,CT,CG,TT,AA,CT,CC,GG,AG,CT,CT,CC,CC,CT,AG,CC,AG
000536.jpg,M,Black,Blue,Darkskin,CC,TT,CC,CC,TT,TT,CC,AA,AG,CC,CC,CC,AA,CC,AA,CC,GG
000537.jpg,M,Black,Int,Darkskin,CC,CT,CG,TT,AA,CT,CT,GG,AG,CT,CC,AC,CC,CT,AA,CC,AG
000540.jpg,F,Black,Int,Pale,CC,CT,GG,TT,AT,CT,CT,GG,AA,TT,CT,AC,AC,TT,AA,CT,AA
000541.jpg,F,Brownh,Brown,Intskin,CC,CT,GG,TT,AA,CT,CT,GG,AA,CT,CT,AC,CC,CT,AG,CC,AG
000542.jpg,M,Brownh,Blue,Intskin,CC,TT,GG,TT,AA,CC,TT,GG,AA,TT,CC,CC,CC,TT,AA,CT,AA
000546.jpg,M,Black,Brown,Darkskin,CC,CC,CC,TT,AA,TT,CC,GG,AA,CT,CT,AA,CC,TT,AG,CC,AG
000548.jpg,F,Black,Blue,Intskin,CC,TT,GG,TT,AA,CC,TT,GG,AA,TT,CC,CC,CC,TT,AA,CC,AA
000549.jpg,F,Brownh,Blue,Intskin,CC,TT,GG,TT,AA,CC,TT,GG,AA,TT,CC,CC,CC,TT,AA,CC,AA
000552.jpg,M,Brownh,Brown,Intskin,CC,CT,GG,TT,AT,CT,CC,GG,AA,TT,CT,AC,CC,TT,AG,CC,AA
000553.jpg,F,Brownh,Int,Pale,CC,CT,GG,TT,AT,CT,CC,GG,AA,TT,CT,AC,AC,TT,AA,CT,AA
000557.jpg,F,Brownh,Brown,Pale,CC,CT,GG,CT,AA,CT,CT,GG,AG,TT,CT,AC,AC,TT,AA,CC,AA
000558.jpg,M,Brownh,Blue,Pale,CC,TT,GG,TT,AT,CC,TT,GG,AA,TT,CC,CC,CC,TT,AA,CC,AA
000562.jpg,F,Blonde,Brown,Pale,CC,CT,GG,TT,AA,CT,CC,GG,AA,TT,CT,CC,CC,CT,AG,CC,AA
000563.jpg,M,Blonde,Brown,Intskin,CC,CT,GG,CT,AA,CT,CT,GG,AG,TT,CT,AC,AC,TT,AA,CC,AA
000564.jpg,M,Black,Int,Intskin,CC,TT,CG,TT,AT,CC,TT,GG,AA,TT,CC,CC,CC,TT,AA,CC,AA
000565.jpg,F,Brownh,Brown,Intskin,CC,CT,GG,TT,AT,CT,CC,GG,AA,TT,CT,AC,CC,TT,AG,CC,AA
000567.jpg,F,Blonde,Int,Intskin,CT,TT,CG,CT,TT,CC,TT,GG,AA,TT,CC,CC,CC,TT,AA,CC,AA
000569.jpg,M,Black,Brown,Intskin,CT,CC,CC,TT,AA,TT,CC,GG,AG,TT,TT,AA,CC,TT,AG,CC,AA
000571.jpg,M,Black,Brown,Intskin,CC,CC,CG,TT,TT,TT,CC,AG,AG,CT,CT,AA,CC,CT,AG,CC,GG
000575.jpg,M,Brownh,Blue,Intskin,CT,CT,GG,TT,AA,CT,CT,AG,AA,TT,CT,CC,AC,TT,AA,CC,AA
000579.jpg,F,Blonde,Int,Pale,CC,TT,GG,TT,AA,CC,TT,GG,AA,TT,CC,CC,CC,TT,AA,CC,AA
000582.jpg,F,Blonde,Blue,Intskin,CC,TT,GG,TT,AT,CC,TT,GG,AA,TT,CC,CC,CC,TT,AA,CC,AA
000583.jpg,M,Black,Brown,Pale,CC,CC,GG,CT,AT,TT,CC,GG,AG,CT,CT,AA,AC,CT,AG,CC,AA
000586.jpg,M,Black,Brown,Pale,CC,CC,GG,CT,AT,TT,CC,GG,AG,CT,CT,AA,AC,CT,AG,CC,AA
000588.jpg,F,Blonde,Brown,Intskin,CC,CT,GG,CT,AT,CT,CT,GG,AG,CC,CT,CC,CC,CT,AG,CC,AA
000589.jpg,F,Black,Blue,Intskin,CC,TT,GG,TT,AA,CC,TT,GG,AA,TT,CC,CC,CC,TT,AA,CC,AA
000590.jpg,M,Brownh,Brown,Intskin,CC,CC,GG,TT,AA,TT,CC,GG,AA,TT,CC,CC,CC,TT,AA,CC,AA
000592.jpg,M,Brownh,Brown,Intskin,CC,CT,CG,CT,AA,CT,CC,GG,AG,CT,CT,CC,CC,CT,AG,CC,AG
000594.jpg,F,Black,Blue,Intskin,CC,TT,CG,TT,AA,CC,TT,GG,AA,TT,CC,CC,CC,TT,AA,CC,AA
000595.jpg,F,Black,Int,Intskin,CC,TT,CG,TT,AA,CC,CT,GG,AA,TT,CC,AC,CC,TT,AA,CC,AA
000596.jpg,M,Blonde,Blue,Intskin,CC,TT,GG,TT,AT,CC,TT,GG,AA,TT,CC,CC,CC,TT,AA,CC,AA
000597.jpg,F,Brownh,Brown,Intskin,CC,CT,GG,CT,AA,CT,CT,GG,AG,TT,CT,AC,AC,TT,AA,CT,AA
000598.jpg,F,Brownh,Blue,Intskin,CC,TT,GG,TT,AT,CC,TT,AG,AA,CT,CC,CC,CC,TT,AA,CC,AA
000600.jpg,F,Black,Brown,Intskin,CC,CT,CC,CT,AA,CT,CT,GG,AG,TT,CT,AC,AC,TT,AA,CC,AG
000602.jpg,F,Blonde,Blue,Intskin,CC,TT,GG,TT,AT,CC,TT,GG,AA,TT,CC,CC,CC,TT,AA,CC,AA
000603.jpg,M,Black,Blue,Intskin,CC,TT,CG,TT,AA,CC,TT,GG,AA,TT,CC,CC,CC,TT,AA,CC,AA
000605.jpg,F,Blonde,Blue,Pale,CC,TT,GG,CT,AT,CC,TT,GG,AA,CT,CC,CC,CC,TT,AA,CC,AA
000607.jpg,F,Brownh,Brown,Pale,CC,CT,GG,TT,AA,CT,CT,GG,AA,TT,CT,AC,CC,TT,AG,CC,AG
000609.jpg,F,Brownh,Brown,Intskin,CC,CT,GG,TT,AA,CT,CT,GG,AA,CT,CT,AC,AC,CT,AA,CC,AA
000610.jpg,F,Black,Brown,Pale,CC,CT,GG,CT,AA,CT,CT,GG,AA,CT,CT,CC,CC,CT,AG,CC,AG
000611.jpg,F,Brownh,Brown,Intskin,CC,CT,GG,TT,AT,CT,CC,GG,AA,TT,CT,AC,CC,TT,AG,CC,AA
000612.jpg,F,Black,Blue,Intskin,CT,TT,CG,TT,AA,CC,TT,GG,AA,TT,CC,CC,CC,TT,AA,CC,AA
000613.jpg,F,Brownh,Brown,Intskin,CC,CT,GG,TT,AT,CT,CT,GG,AG,CT,CT,AC,CC,CT,AG,CC,AG
000615.jpg,F,Blonde,Brown,Intskin,CC,CT,GG,CT,AA,CT,CT,GG,AG,TT,CT,AC,AC,TT,AA,CC,AA
000616.jpg,F,Black,Brown,Intskin,CC,CC,CC,TT,AA,TT,CC,GG,AA,CT,TT,AA,AC,CT,AG,CC,AG
000619.jpg,M,Black,Brown,Darkskin,CC,CT,CC,TT,AA,CT,CC,GG,AA,TT,CT,AC,AC,TT,AA,CC,AA
000622.jpg,M,Brownh,Int,Pale,CC,CT,GG,CT,AT,CT,CT,GG,AA,TT,CT,AC,CC,TT,AG,CT,AG
000630.jpg,M,Black,Brown,Intskin,CC,CT,GG,TT,AA,CT,CC,GG,AG,CT,CT,AC,AC,CT,AG,CT,AG
000631.jpg,F,Black,Blue,Intskin,CT,TT,CG,TT,AA,CC,TT,GG,AA,TT,CC,CC,CC,TT,AA,CC,AA
000633.jpg,F,Black,Brown,Intskin,CT,CT,CG,TT,AA,CT,CC,GG,AA,TT,CT,AC,AC,TT,AA,CC,AA
000634.jpg,F,Blonde,Brown,Pale,CC,CT,GG,TT,AA,CT,CC,GG,AA,TT,CT,CC,CC,CT,AG,CC,AA
000636.jpg,M,Black,Int,Intskin,CC,TT,GG,TT,AA,CC,TT,GG,AA,TT,CC,CC,CC,TT,AA,CC,AA
000638.jpg,F,Black,Blue,Darkskin,CC,CT,GG,CT,AT,CT,CT,GG,AG,CT,CT,CC,CC,CT,AG,CC,AG
000640.jpg,F,Black,Blue,Intskin,CT,TT,CG,TT,AA,CC,TT,GG,AA,TT,CC,CC,CC,TT,AA,CC,AA
000642.jpg,F,Blonde,Blue,Intskin,CC,TT,GG,TT,AA,CC,TT,GG,AA,TT,CC,CC,CC,TT,AA,CC,AA
000644.jpg,F,Blonde,Brown,Pale,CC,CT,GG,TT,AA,CT,CC,GG,AA,TT,CT,CC,CC,CT,AG,CC,AA
000645.jpg,F,Black,Blue,Darkskin,CC,CT,GG,TT,AT,CT,CT,GG,AA,TT,CT,AC,AC,TT,AA,CT,AA
000646.jpg,F,Brownh,Brown,Intskin,CT,CT,GG,TT,AA,CT,CT,GG,AA,CT,CT,AC,AC,TT,AA,CT,AA
000647.jpg,F,Black,Int,Darkskin,TT,TT,CC,TT,AA,CC,CC,GG,AA,CT,CC,AC,CC,CT,AA,CC,AG
000649.jpg,M,Black,Int,Intskin,CC,TT,CC,TT,AA,CC,CT,GG,AA,CT,CC,CC,CC,TT,AG,CC,AA
000650.jpg,F,Brownh,Brown,Intskin,CC,CT,GG,TT,AA,CT,CT,GG,AA,CT,CT,AC,CC,CT,AG,CC,AG
000652.jpg,M,Black,Brown,Intskin,CT,CT,CG,TT,AA,CT,CC,GG,AA,TT,CT,AC,AC,TT,AA,CC,AA
000655.jpg,M,Black,Brown,Intskin,CC,CT,CG,CT,AA,CT,CT,GG,AA,CT,CT,AC,CC,CT,AG,CC,AG
000658.jpg,F,Blonde,Blue,Intskin,CC,TT,GG,CT,AT,CC,TT,GG,AA,TT,CC,CC,CC,TT,AA,CC,AA
000660.jpg,M,Black,Brown,Intskin,CC,CT,CG,TT,AA,CT,CC,GG,AA,TT,CT,AC,AC,TT,AA,CC,AA
000662.jpg,M,Brownh,Brown,Pale,CC,CC,GG,TT,AA,CT,CT,GG,AG,TT,CT,AC,CC,TT,AG,CC,AG
000664.jpg,F,Brownh,Brown,Intskin,CC,CT,GG,TT,AA,CT,CT,GG,AA,CT,CT,AC,CC,CT,AG,CC,AG
000666.jpg,F,Blonde,Brown,Pale,CC,CT,GG,CT,AT,CC,CT,GG,AA,CT,CT,AC,CC,CT,AG,CC,AA
000669.jpg,F,Black,Int,Intskin,CC,TT,CG,TT,AA,CT,CT,GG,AA,CT,CC,CC,CC,TT,AA,CC,AA
000671.jpg,M,Black,Blue,Intskin,CC,TT,CG,TT,AA,CC,TT,GG,AA,TT,CC,CC,CC,TT,AA,CC,AA
000674.jpg,M,Black,Int,Intskin,CC,TT,GG,TT,AA,CC,CT,GG,AA,CT,CC,CC,CC,CT,AA,CC,AA
000679.jpg,F,Black,Brown,Intskin,CC,CT,CG,TT,AA,CT,CC,GG,AG,CT,CT,AA,CC,CT,AG,CC,GG
000682.jpg,M,Black,Brown,Intskin,CC,CT,CC,CT,AA,CT,CT,GG,AG,TT,CT,AC,AC,TT,AA,CC,AG
000683.jpg,M,Black,Brown,Pale,CC,CC,GG,CT,AT,TT,CC,GG,AG,CT,CT,AA,AC,CT,AG,CC,AA
000685.jpg,M,Brownh,Blue,Intskin,CC,TT,GG,TT,AA,CC,TT,GG,AA,TT,CC,CC,CC,TT,AA,CC,AA
000686.jpg,M,Black,Int,Intskin,CC,TT,GG,TT,AA,CC,CT,GG,AA,CT,CC,CC,CC,CT,AA,CC,AA
000688.jpg,M,Brownh,Brown,Pale,CC,CT,GG,TT,AA,CT,CT,GG,AG,CT,CT,AC,CC,CT,AG,CC,AG
000689.jpg,M,Brownh,Blue,Intskin,CC,TT,CG,TT,AA,CC,TT,GG,AA,TT,CC,CC,CC,TT,AA,CC,AA
000691.jpg,F,Brownh,Brown,Pale,CC,CT,GG,TT,AA,CT,CT,GG,AG,CT,CT,AC,CC,CT,AG,CC,AG
000693.jpg,F,Blonde,Brown,Pale,CC,CT,GG,TT,AT,CT,CT,GG,AA,TT,CT,CC,CC,CT,AG,CC,AA
000699.jpg,F,Blonde,Int,Pale,CC,CT,GG,CT,AA,CT,CT,GG,AA,TT,CC,AC,AC,TT,AA,CT,AA
000700.jpg,M,Black,Brown,Intskin,CC,CT,CG,TT,AA,CT,CC,GG,AG,CT,CT,AA,CC,CT,AG,CC,GG
000705.jpg,M,Brownh,Brown,Intskin,CC,CT,GG,TT,AA,CT,CC,GG,AA,TT,CT,AC,AC,TT,AA,CT,AA
000706.jpg,M,Brownh,Blue,Intskin,CC,TT,GG,TT,AA,CC,TT,AG,AA,TT,CC,CC,CC,TT,AA,CC,AA
000707.jpg,F,Black,Blue,Darkskin,CC,TT,GG,TT,AT,CC,TT,GG,AA,TT,CT,CC,CC,TT,AA,CC,AA
000709.jpg,F,Blonde,Int,Pale,CC,TT,GG,TT,AT,CC,TT,GG,AA,TT,CC,CC,CC,TT,AG,CC,AA
000715.jpg,F,Blonde,Int,Pale,CC,TT,CG,TT,AT,CC,TT,GG,AA,CT,CC,CC,CC,TT,AA,CC,AA
000716.jpg,F,Black,Blue,Intskin,CC,TT,CG,TT,AA,CC,TT,GG,AA,TT,CC,CC,CC,TT,AA,CC,AA
000717.jpg,F,Black,Blue,Pale,CC,CT,GG,TT,AT,CC,CT,GG,AA,CT,CT,AC,CC,CT,AG,CT,AG
000719.jpg,F,Blonde,Int,Pale,CC,CT,GG,TT,AT,CT,CC,GG,AA,TT,CC,AC,AC,TT,AA,CC,AG
000724.jpg,M,Black,Brown,Intskin,CC,CT,CG,TT,AA,CT,CC,GG,AA,TT,CT,AC,AC,TT,AA,CC,AA
000727.jpg,F,Black,Blue,Intskin,CT,TT,CG,TT,AA,CC,TT,GG,AA,TT,CC,CC,CC,TT,AA,CC,AA
000730.jpg,M,Brownh,Int,Pale,CC,CT,GG,TT,AA,CT,CT,GG,AA,TT,CC,CC,CC,TT,AA,CT,AA
000732.jpg,M,Brownh,Brown,Intskin,CC,CT,GG,TT,AT,CT,CT,GG,AG,CT,CT,AC,CC,CT,AG,CC,AG
000735.jpg,M,Black,Brown,Darkskin,CC,CT,CC,TT,AT,CT,CT,GG,AG,TT,CT,CC,CC,CT,AG,CC,AG
000737.jpg,F,Brownh,Brown,Intskin,CC,CT,GG,TT,AA,CT,CT,GG,AG,TT,CT,AC,AC,TT,AA,CC,AA
000738.jpg,F,Black,Blue,Intskin,CC,TT,GG,TT,AA,CC,TT,GG,AA,TT,CC,CC,CC,TT,AA,CC,AA
000741.jpg,F,Brownh,Blue,Intskin,CC,TT,GG,CT,AA,CC,TT,GG,AA,TT,CC,CC,CC,TT,AA,CC,AA
000743.jpg,F,Black,Int,Darkskin,TT,TT,CC,TT,AA,CC,CC,GG,AA,CT,CC,AC,CC,CT,AA,CC,AG
000745.jpg,M,Black,Brown,Intskin,CC,CT,CG,TT,AA,CT,CC,GG,AG,CT,CT,AA,CC,CT,AG,CC,GG
000749.jpg,F,Brownh,Int,Intskin,CT,CT,GG,TT,AA,CT,TT,GG,AA,TT,CC,CC,CC,TT,AA,CC,AA
000750.jpg,F,Black,Int,Darkskin,TT,TT,CC,TT,AA,CC,CC,GG,AA,CT,CC,AC,CC,CT,AA,CC,AG
000751.jpg,F,Blonde,Brown,Pale,CC,CT,GG,TT,AT,CT,CT,GG,AA,TT,CT,CC,CC,CT,AG,CC,AA
000755.jpg,M,Brownh,Blue,Intskin,CT,TT,CG,TT,AT,CC,TT,GG,AA,TT,CC,CC,CC,TT,AA,CT,AA
000756.jpg,M,Brownh,Blue,Intskin,CC,TT,GG,CT,AA,CC,TT,GG,AA,TT,CC,CC,CC,TT,AA,CT,AA
000758.jpg,F,Black,Brown,Intskin,CC,CT,GG,TT,AA,CT,CT,GG,AA,CT,CT,AC,CC,CT,AG,CC,AG
000759.jpg,F,Blonde,Brown,Pale,CC,CT,GG,TT,AT,CT,CT,GG,AA,TT,CT,CC,CC,CT,AG,CC,AA
000760.jpg,F,Brownh,Brown,Pale,CC,CT,GG,TT,AA,CT,CT,GG,AG,TT,CT,AC,AC,TT,AA,CC,AA
000763.jpg,F,Black,Int,Intskin,CT,TT,CG,TT,AA,CC,CT,GG,AA,TT,CC,CC,CC,TT,AA,CC,AA
000764.jpg,F,Black,Blue,Intskin,CC,TT,GG,TT,AA,CC,TT,GG,AA,TT,CC,CC,CC,TT,AA,CC,AA
000766.jpg,F,Black,Brown,Intskin,CC,CC,CG,TT,TT,TT,CC,AG,AG,CT,CT,AA,CC,CT,AG,CC,GG
000770.jpg,F,Blonde,Blue,Pale,CC,TT,GG,TT,AA,CC,TT,GG,AA,TT,CC,CC,CC,TT,AA,CC,AA
000773.jpg,M,Black,Int,Intskin,CC,CT,GG,TT,AA,CC,CT,GG,AA,TT,CC,AC,CC,CT,AA,CC,AG
000777.jpg,F,Black,Brown,Intskin,CC,CT,GG,TT,AA,CT,CT,GG,AA,CT,CT,AC,CC,CT,AG,CC,AG
000780.jpg,M,Black,Brown,Intskin,CC,CT,CG,CT,AA,CT,CT,GG,AA,CT,CT,AC,CC,CT,AG,CC,AG
000784.jpg,M,Black,Blue,Intskin,CT,TT,CG,TT,AA,CC,TT,GG,AA,TT,CC,CC,CC,TT,AA,CC,AA
000786.jpg,F,Brownh,Blue,Intskin,CC,TT,GG,TT,AT,CC,TT,GG,AA,TT,CC,CC,CC,TT,AA,CC,AA
000787.jpg,F,Blonde,Blue,Pale,CC,TT,GG,TT,AA,CC,TT,GG,AA,TT,CC,CC,CC,TT,AA,CC,AA
000790.jpg,M,Black,Int,Intskin,CT,TT,CG,TT,AA,CC,CT,GG,AA,TT,CC,CC,CC,TT,AA,CC,AA
000791.jpg,M,Blonde,Brown,Intskin,CC,CC,GG,TT,AA,TT,CC,GG,AG,CT,CT,AA,AA,CT,AG,CT,AA
000792.jpg,F,Brownh,Int,Pale,CC,TT,GG,TT,TT,CC,TT,GG,AG,TT,CC,CC,CC,TT,AA,CC,AA
000797.jpg,M,Brownh,Int,Intskin,CC,TT,GG,TT,AA,CC,TT,GG,AA,TT,CC,CC,CC,TT,AA,CC,AA
000800.jpg,F,Blonde,Blue,Intskin,CC,TT,GG,TT,AT,CC,TT,GG,AA,TT,CC,CC,CC,TT,AA,CC,AA
000806.jpg,F,Brownh,Blue,Pale,CC,TT,GG,TT,AA,CC,TT,GG,AA,TT,CC,CC,CC,TT,AA,CC,AA
000808.jpg,M,Black,Int,Darkskin,CC,CT,CG,TT,AA,CT,CT,GG,AG,CT,CC,AC,CC,CT,AA,CC,AG
000810.jpg,F,Black,Brown,Pale,CC,CT,GG,CT,AA,CT,CT,GG,AA,CT,CT,CC,CC,CT,AG,CC,AG
000819.jpg,F,Blonde,Int,Intskin,CC,TT,GG,CT,AT,CC,TT,GG,AA,TT,CC,CC,CC,TT,AA,CC,AA
000822.jpg,F,Blonde,Brown,Intskin,CC,CT,GG,TT,AA,CT,CT,GG,AG,CT,CT,AC,CC,TT,AG,CT,AA
000825.jpg,M,Black,Int,Intskin,CC,TT,GG,TT,AT,CC,CT,AG,AA,CT,CC,CC,CC,TT,AA,CC,AA
000828.jpg,F,Brownh,Brown,Intskin,CC,CC,GG,TT,AA,CT,CC,GG,AA,CT,TT,AA,AC,CT,AG,CC,GG
000829.jpg,M,Black,Blue,Intskin,CC,TT,GG,TT,AA,CC,TT,GG,AA,TT,CC,CC,CC,TT,AA,CC,AA
000831.jpg,F,Black,Blue,Darkskin,CC,CT,GG,TT,AA,CT,CC,GG,AG,TT,CC,CC,CC,TT,AA,CT,AA
000834.jpg,F,Brownh,Brown,Intskin,CC,CT,GG,CT,AA,CT,CC,AG,AG,TT,CT,AC,CC,CT,AG,CC,AG
000837.jpg,F,Blonde,Blue,Pale,CC,TT,GG,CT,AA,CC,TT,GG,AA,TT,CC,CC,CC,TT,AA,CC,AA
000841.jpg,M,Black,Blue,Intskin,CC,TT,CG,TT,AA,CC,TT,GG,AA,TT,CC,CC,CC,TT,AA,CC,AA
000844.jpg,M,Black,Brown,Pale,CC,CC,GG,CT,AT,TT,CC,GG,AG,CT,CT,AA,AC,CT,AG,CC,AA
000848.jpg,M,Black,Int,Intskin,CC,TT,CC,TT,AA,CC,CT,GG,AA,CT,CC,CC,CC,TT,AG,CC,AA
000855.jpg,M,Brownh,Brown,Pale,CC,CT,GG,TT,AA,CT,CT,GG,AG,CT,CT,AC,CC,CT,AG,CC,AG
000856.jpg,F,Blonde,Blue,Intskin,CC,TT,GG,TT,AA,CC,TT,GG,AA,TT,CT,CC,CC,TT,AA,CC,AA
000857.jpg,F,Blonde,Brown,Intskin,CC,CT,GG,CT,AT,CT,CT,GG,AG,CC,CT,CC,CC,CT,AG,CC,AA
000859.jpg,M,Black,Brown,Intskin,CC,CC,CC,TT,AA,TT,CC,GG,AA,CT,TT,AA,AC,CT,AG,CC,AG
000862.jpg,F,Brownh,Brown,Intskin,CC,CC,GG,TT,AA,TT,CC,GG,AA,TT,CC,CC,CC,TT,AA,CC,AA
000863.jpg,F,Blonde,Blue,Intskin,CC,TT,GG,CT,AA,CC,TT,AG,AA,TT,CC,CC,CC,TT,AA,CC,AG
000865.jpg,F,Brownh,Blue,Intskin,CC,TT,GG,TT,AA,CC,TT,GG,AA,TT,CC,CC,CC,TT,AA,CC,AA
000870.jpg,F,Black,Int,Intskin,CC,TT,CG,TT,AA,CT,CT,GG,AA,CT,CC,CC,CC,TT,AA,CC,AA
000871.jpg,F,Blonde,Brown,Pale,CC,CT,GG,CT,AT,CC,CT,GG,AA,CT,CT,AC,CC,CT,AG,CC,AA
000872.jpg,F,Blonde,Int,Pale,CC,TT,GG,CT,AA,CC,TT,GG,AA,TT,CC,CC,CC,TT,AA,CC,AA
000874.jpg,F,Brownh,Brown,Intskin,CT,CT,GG,TT,AA,CT,CT,GG,AA,CT,CT,AC,AC,TT,AA,CT,AA
000876.jpg,F,Brownh,Int,Intskin,CC,TT,GG,TT,AT,CC,CT,GG,AA,TT,CC,CC,CC,TT,AA,CC,AA
000877.jpg,F,Brownh,Brown,Intskin,CC,CT,GG,TT,AT,CT,CC,GG,AA,TT,CT,AC,CC,TT,AG,CC,AA
000879.jpg,M,Black,Brown,Darkskin,CC,CT,CC,TT,AT,CT,CT,GG,AG,TT,CT,CC,CC,CT,AG,CC,AG
000890.jpg,F,Brownh,Brown,Intskin,CC,CC,GG,TT,AA,CT,CC,AG,AA,CT,CT,AA,CC,CT,AG,CC,AG
000892.jpg,M,Brownh,Blue,Pale,CC,TT,GG,TT,AA,CC,TT,GG,AA,TT,CC,CC,CC,TT,AA,CC,AA
000894.jpg,F,Blonde,Brown,Intskin,CC,CT,GG,CT,AT,CT,CT,GG,AG,CC,CT,CC,CC,CT,AG,CC,AA
000896.jpg,F,Brownh,Int,Intskin,CC,TT,GG,TT,AA,CC,TT,GG,AA,TT,CC,CC,CC,TT,AA,CC,AA
000908.jpg,M,Black,Int,Intskin,CT,CT,CG,TT,AA,CC,CT,GG,AA,TT,CT,AC,AC,TT,AA,CT,AA
000909.jpg,F,Brownh,Blue,Intskin,CC,TT,GG,TT,AA,CC,TT,GG,AA,TT,CC,CC,CC,TT,AA,CC,AA
000913.jpg,M,Brownh,Brown,Intskin,CC,CT,GG,CT,AA,CT,CT,GG,AG,TT,CT,AC,AC,TT,AA,CT,AA
000917.jpg,F,Blonde,Brown,Intskin,CC,CT,GG,TT,AA,CT,CT,GG,AG,CT,CT,AC,CC,TT,AG,CT,AA
000918.jpg,F,Blonde,Int,Intskin,CC,TT,GG,TT,AT,CC,TT,AG,AA,TT,CC,CC,CC,TT,AA,CC,AA
000919.jpg,F,Brownh,Blue,Intskin,CC,TT,GG,TT,AA,CC,TT,GG,AA,TT,CC,CC,CC,TT,AA,CC,AA
000920.jpg,F,Brownh,Blue,Pale,CC,TT,GG,TT,AT,CC,TT,GG,AA,TT,CC,CC,CC,TT,AA,CC,AA
000922.jpg,F,Black,Brown,Pale,CC,CC,GG,CT,AT,TT,CC,GG,AG,CT,CT,AA,AC,CT,AG,CC,AA
000924.jpg,F,Brownh,Brown,Intskin,CC,CT,GG,TT,AA,CT,CT,GG,AG,CT,CT,AC,CC,CT,AG,CC,AG
000929.jpg,F,Black,Brown,Darkskin,CC,CT,CC,TT,AT,CT,CT,GG,AG,TT,CT,CC,CC,CT,AG,CC,AG
000930.jpg,M,Brownh,Brown,Pale,CC,CT,GG,TT,AA,CT,CT,GG,AA,TT,CT,AC,AC,TT,AA,CC,AA
000931.jpg,M,Black,Brown,Darkskin,CC,CC,CC,TT,AA,CT,CC,GG,AA,CC,TT,AA,AC,CC,AG,CC,AG
000935.jpg,M,Brownh,Int,Intskin,CC,TT,GG,TT,AT,CC,CT,GG,AA,TT,CC,AC,CC,TT,AA,CC,AG
000936.jpg,F,Black,Brown,Intskin,CT,CT,CG,TT,AA,CT,CT,GG,AG,TT,CT,CC,CC,TT,AG,CC,AA
000937.jpg,F,Brownh,Blue,Intskin,CC,TT,GG,TT,AA,CC,TT,AG,AA,TT,CC,CC,CC,TT,AA,CC,AA
000939.jpg,F,Blonde,Blue,Pale,CC,TT,GG,TT,AA,CC,TT,GG,AA,TT,CC,AC,CC,TT,AA,CC,AA
000941.jpg,F,Blonde,Brown,Intskin,CC,CT,GG,CT,AT,CT,CT,GG,AG,CC,CT,CC,CC,CT,AG,CC,AA
000942.jpg,F,Brownh,Int,Intskin,CT,TT,CC,TT,AA,CC,TT,GG,AA,CT,CC,CC,CC,TT,AA,CC,AA
000943.jpg,F,Blonde,Blue,Pale,CC,CT,GG,TT,AA,CT,CT,GG,AG,TT,CC,CC,CC,TT,AA,CT,AA
000945.jpg,F,Blonde,Brown,Intskin,CC,TT,GG,TT,AA,CC,CT,GG,AG,TT,CC,CC,CC,TT,AA,CC,AA
000947.jpg,F,Blonde,Int,Intskin,CC,TT,CC,CC,TT,TT,CC,AA,AG,CC,CC,CC,AA,CC,AA,CC,GG
000960.jpg,M,Brownh,Brown,Intskin,CC,CT,GG,TT,AA,CT,CT,GG,AA,CT,CT,AC,AC,CT,AA,CC,AA
000963.jpg,F,Black,Blue,Intskin,CT,TT,CG,TT,AA,CC,TT,GG,AA,TT,CC,CC,CC,TT,AA,CC,AA
000966.jpg,M,Black,Blue,Intskin,CC,TT,GG,TT,AA,CC,TT,GG,AA,TT,CC,CC,CC,TT,AA,CC,AA
000968.jpg,F,Brownh,Blue,Intskin,CC,TT,GG,TT,AA,CC,TT,GG,AA,TT,CC,CC,CC,TT,AA,CC,AA
000970.jpg,F,Blonde,Brown,Intskin,CC,CT,GG,TT,AA,CT,CT,GG,AG,CT,CT,AC,CC,TT,AG,CT,AA
000972.jpg,M,Black,Blue,Intskin,CC,TT,CG,TT,AA,CC,TT,GG,AA,TT,CC,CC,CC,TT,AA,CC,AA
000974.jpg,F,Blonde,Brown,Intskin,CC,CC,GG,TT,AA,TT,CC,GG,AG,CT,CT,AA,AA,CT,AG,CT,AA
000975.jpg,M,Brownh,Brown,Pale,CC,CT,GG,CT,AT,CC,CT,GG,AG,TT,CC,AC,CC,CT,AG,CC,AA
000976.jpg,F,Blonde,Brown,Intskin,CC,CC,GG,TT,AA,TT,CC,GG,AG,CT,CT,AA,AA,CT,AG,CT,AA
000977.jpg,M,Brownh,Brown,Pale,CC,CC,GG,TT,AA,TT,CC,AG,AA,CT,TT,AA,AC,CT,AG,CT,AG
000979.jpg,M,Black,Int,Intskin,CC,TT,GG,TT,AT,CC,CT,AG,AA,CT,CC,CC,CC,TT,AA,CC,AA
000985.jpg,F,Blonde,Brown,Intskin,CC,CT,GG,CT,AT,CT,CT,GG,AG,CC,CT,CC,CC,CT,AG,CC,AA
000986.jpg,F,Blonde,Brown,Intskin,CC,TT,GG,TT,AA,CC,CT,GG,AG,TT,CC,CC,CC,TT,AA,CC,AA
000987.jpg,M,Black,Brown,Intskin,CT,CT,CG,TT,AA,CT,CC,GG,AA,TT,CT,AC,AC,TT,AA,CC,AA
000989.jpg,F,Black,Blue,Pale,CC,TT,GG,CC,AA,CC,TT,GG,AA,TT,CC,CC,CC,TT,AA,CT,AA
000990.jpg,M,Black,Brown,Intskin,CT,CT,CG,TT,AA,CT,CT,GG,AA,CT,CT,AC,CC,CT,AG,CC,AA
000991.jpg,F,Black,Int,Intskin,CC,TT,GG,TT,AA,CC,CT,GG,AA,TT,CC,CC,CC,TT,AA,CT,AA
000992.jpg,M,Brownh,Brown,Intskin,CC,CT,GG,TT,AT,CT,CT,GG,AG,CT,CT,AC,CC,CT,AG,CC,AG
000994.jpg,M,Brownh,Int,Intskin,CC,CT,GG,TT,AT,CT,CT,GG,AA,TT,CC,AC,AC,TT,AA,CT,AA
